Wall time,Step,Value
1675556921.1074603,0,97.7359848022461
1675556921.4496746,1,97.38655853271484
1675556921.7906318,2,95.96319580078125
1675556922.1184683,3,92.87914276123047
1675556922.450618,4,94.3602523803711
1675556922.79305,5,97.4645004272461
1675556923.1467512,6,99.244873046875
1675556923.4867623,7,95.98859405517578
1675556923.8364577,8,98.64265441894531
1675556924.1716177,9,94.51805877685547
1675556924.5157733,10,96.14527893066406
1675556924.846174,11,93.09615325927734
1675556925.2047803,12,97.33011627197266
1675556925.554505,13,98.60972595214844
1675556925.906118,14,99.96986389160156
1675556926.247321,15,96.46504211425781
1675556926.5870633,16,94.59955596923828
1675556926.9535158,17,96.27398681640625
1675556927.281038,18,91.4122314453125
1675556927.6099894,19,93.12760925292969
1675556927.9524379,20,97.38578796386719
1675556928.3022444,21,99.12980651855469
1675556928.6533806,22,98.94340515136719
1675556928.9924912,23,96.15066528320312
1675556929.3346965,24,97.78670501708984
1675556929.6961496,25,97.51364135742188
1675556930.0481486,26,95.75431060791016
1675556930.3966136,27,97.23439025878906
1675556930.7302911,28,94.72370910644531
1675556931.0687208,29,96.28825378417969
1675556931.4047914,30,94.52928161621094
1675556931.7450354,31,94.31013488769531
1675556932.0941448,32,98.84404754638672
1675556932.4504595,33,98.86111450195312
1675556932.7973926,34,96.08612060546875
1675556933.1470625,35,97.57366943359375
1675556933.4978914,36,93.3592758178711
1675556933.8471773,37,98.885986328125
1675556934.177895,38,92.88182830810547
1675556934.5367353,39,96.10556030273438
1675556934.876141,40,96.0538558959961
1675556935.2127385,41,94.52999114990234
1675556935.5526347,42,95.90702056884766
1675556935.8860357,43,94.91846466064453
1675556936.2215226,44,94.79005432128906
1675556936.5550368,45,94.47591400146484
1675556936.9031532,46,98.7717514038086
1675556937.3076987,47,97.5797119140625
1675556937.7204275,48,97.68995666503906
1675556938.0836916,49,94.69595336914062
