Wall time,Step,Value
1675683300.635763,0,76.57794189453125
1675683301.673079,1,72.48892974853516
1675683302.7152362,2,72.6727294921875
1675683303.774723,3,73.47622680664062
1675683304.8862221,4,78.49676513671875
1675683305.912813,5,71.27978515625
1675683306.974499,6,75.07940673828125
1675683307.9828951,7,69.5320053100586
1675683309.1150908,8,80.40928649902344
1675683310.191099,9,75.45882415771484
1675683311.446513,10,73.7871322631836
1675683312.566445,11,79.2579345703125
1675683313.646198,12,76.30968475341797
1675683314.718248,13,71.8187026977539
1675683315.843203,14,74.16505432128906
1675683316.967173,15,77.37723541259766
1675683318.0057092,16,68.66458129882812
1675683319.067328,17,72.14271545410156
1675683320.709856,18,76.70830535888672
1675683322.072619,19,77.61795043945312
1675683323.17587,20,71.22172546386719
1675683324.409612,21,79.08253479003906
1675683325.4792268,22,71.81824493408203
1675683326.581656,23,74.151611328125
1675683327.9420302,24,71.47138214111328
1675683329.123915,25,79.50931549072266
1675683330.284388,26,74.0007553100586
1675683331.3989482,27,74.19339752197266
1675683332.4649658,28,72.64088439941406
1675683333.5825438,29,74.56179809570312
1675683334.6630452,30,73.29156494140625
1675683335.690038,31,71.25308990478516
1675683336.717365,32,71.33118438720703
1675683337.970347,33,71.79191589355469
1675683339.2520618,34,71.40050506591797
1675683340.330039,35,75.3575668334961
1675683341.407562,36,73.70032501220703
1675683342.415374,37,68.54299926757812
1675683343.505335,38,73.85688781738281
1675683344.596558,39,74.44190979003906
1675683345.6486201,40,74.90679931640625
1675683346.718034,41,74.36433410644531
1675683347.9148722,42,76.74410247802734
1675683349.0146408,43,74.59910583496094
1675683350.148421,44,75.76924133300781
1675683351.257775,45,73.2981185913086
1675683352.3724291,46,74.74614715576172
1675683353.4831,47,75.2178726196289
1675683354.635072,48,72.01189422607422
1675683355.863727,49,78.31913757324219
